fixture_id,gender,disc_id,match_no,match_day,match_date,match_time,end_time,round_name,group_id,team1_dist_id,team2_dist_id,venue,result
1,1,14,NULL,Day-1,NULL,"08:00 AM",NULL,NULL,1,12,16,NULL,NULL
2,1,14,NULL,Day-1,NULL,"08:00 AM",NULL,NULL,2,23,31,NULL,NULL
3,1,14,NULL,Day-1,NULL,"08:00 AM",NULL,NULL,3,10,6,NULL,NULL
4,1,14,NULL,Day-1,NULL,"08:00 AM",NULL,NULL,4,26,21,NULL,NULL
5,2,14,NULL,Day-1,NULL,"09:00 AM",NULL,NULL,1,4,32,NULL,NULL
6,2,14,NULL,Day-1,NULL,"09:00 AM",NULL,NULL,2,28,30,NULL,NULL
7,2,14,NULL,Day-1,NULL,"09:00 AM",NULL,NULL,3,3,20,NULL,NULL
8,2,14,NULL,Day-1,NULL,"09:00 AM",NULL,NULL,4,1,26,NULL,NULL
9,1,14,NULL,Day-1,NULL,"10:00 AM",NULL,NULL,5,14,11,NULL,NULL
10,1,14,NULL,Day-1,NULL,"10:00 AM",NULL,NULL,6,32,20,NULL,NULL
11,1,14,NULL,Day-1,NULL,"10:00 AM",NULL,NULL,7,1,2,NULL,NULL
12,1,14,NULL,Day-1,NULL,"10:00 AM",NULL,NULL,8,4,24,NULL,NULL
13,2,14,NULL,Day-1,NULL,"11:00 AM",NULL,NULL,5,23,22,NULL,NULL
14,2,14,NULL,Day-1,NULL,"11:00 AM",NULL,NULL,6,11,17,NULL,NULL
15,2,14,NULL,Day-1,NULL,"11:00 AM",NULL,NULL,7,9,7,NULL,NULL
16,2,14,NULL,Day-1,NULL,"11:00 AM",NULL,NULL,8,25,18,NULL,NULL
17,1,14,NULL,Day-1,NULL,"12:00 PM",NULL,NULL,1,29,7,NULL,NULL
18,1,14,NULL,Day-1,NULL,"12:00 PM",NULL,NULL,2,23,22,NULL,NULL
19,1,14,NULL,Day-1,NULL,"12:00 PM",NULL,NULL,3,10,30,NULL,NULL
20,1,14,NULL,Day-1,NULL,"12:00 PM",NULL,NULL,4,26,19,NULL,NULL
21,2,14,NULL,Day-1,NULL,"01:00 PM",NULL,NULL,1,4,21,NULL,NULL
22,2,14,NULL,Day-1,NULL,"01:00 PM",NULL,NULL,2,28,29,NULL,NULL
23,2,14,NULL,Day-1,NULL,"01:00 PM",NULL,NULL,3,3,10,NULL,NULL
24,2,14,NULL,Day-1,NULL,"01:00 PM",NULL,NULL,4,1,12,NULL,NULL
25,1,14,NULL,Day-1,NULL,"03:00 PM",NULL,NULL,5,14,33,NULL,NULL
26,1,14,NULL,Day-1,NULL,"03:00 PM",NULL,NULL,6,32,5,NULL,NULL
27,1,14,NULL,Day-1,NULL,"03:00 PM",NULL,NULL,7,1,27,NULL,NULL
28,1,14,NULL,Day-1,NULL,"03:00 PM",NULL,NULL,8,4,3,NULL,NULL
29,2,14,NULL,Day-1,NULL,"04:00 PM",NULL,NULL,5,23,15,NULL,NULL
30,2,14,NULL,Day-1,NULL,"04:00 PM",NULL,NULL,6,11,7,NULL,NULL
31,2,14,NULL,Day-1,NULL,"04:00 PM",NULL,NULL,7,9,33,NULL,NULL
32,2,14,NULL,Day-1,NULL,"04:00 PM",NULL,NULL,8,25,27,NULL,NULL
33,1,14,NULL,Day-1,NULL,"05:00 PM",NULL,NULL,1,17,12,NULL,NULL
34,1,14,NULL,Day-1,NULL,"05:00 PM",NULL,NULL,2,23,9,NULL,NULL
35,1,14,NULL,Day-1,NULL,"05:00 PM",NULL,NULL,3,10,25,NULL,NULL
36,1,14,NULL,Day-1,NULL,"05:00 PM",NULL,NULL,4,26,15,NULL,NULL
37,2,14,NULL,Day-2,NULL,"08:00 AM",NULL,NULL,1,4,24,NULL,NULL
38,2,14,NULL,Day-2,NULL,"08:00 AM",NULL,NULL,2,28,31,NULL,NULL
39,2,14,NULL,Day-2,NULL,"08:00 AM",NULL,NULL,3,3,13,NULL,NULL
40,2,14,NULL,Day-2,NULL,"08:00 AM",NULL,NULL,4,1,14,NULL,NULL
41,1,14,NULL,Day-2,NULL,"09:00 AM",NULL,NULL,5,14,13,NULL,NULL
42,1,14,NULL,Day-2,NULL,"09:00 AM",NULL,NULL,6,32,8,NULL,NULL
43,1,14,NULL,Day-2,NULL,"09:00 AM",NULL,NULL,7,1,18,NULL,NULL
44,1,14,NULL,Day-2,NULL,"09:00 AM",NULL,NULL,8,4,28,NULL,NULL
45,2,14,NULL,Day-2,NULL,"10:00 AM",NULL,NULL,5,23,8,NULL,NULL
46,2,14,NULL,Day-2,NULL,"10:00 AM",NULL,NULL,6,11,19,NULL,NULL
47,2,14,NULL,Day-2,NULL,"10:00 AM",NULL,NULL,7,9,5,NULL,NULL
48,2,14,NULL,Day-2,NULL,"10:00 AM",NULL,NULL,8,25,16,NULL,NULL
49,1,14,NULL,Day-2,NULL,"11:00 AM",NULL,NULL,1,16,29,NULL,NULL
50,1,14,NULL,Day-2,NULL,"11:00 AM",NULL,NULL,2,31,22,NULL,NULL
51,1,14,NULL,Day-2,NULL,"11:00 AM",NULL,NULL,3,6,30,NULL,NULL
52,1,14,NULL,Day-2,NULL,"11:00 AM",NULL,NULL,4,21,19,NULL,NULL
53,2,14,NULL,Day-2,NULL,"12:00 PM",NULL,NULL,1,32,21,NULL,NULL
54,2,14,NULL,Day-2,NULL,"12:00 PM",NULL,NULL,2,30,29,NULL,NULL
55,2,14,NULL,Day-2,NULL,"12:00 PM",NULL,NULL,3,20,10,NULL,NULL
56,2,14,NULL,Day-2,NULL,"12:00 PM",NULL,NULL,4,26,12,NULL,NULL
57,1,14,NULL,Day-2,NULL,"01:00 PM",NULL,NULL,5,11,33,NULL,NULL
58,1,14,NULL,Day-2,NULL,"01:00 PM",NULL,NULL,6,20,5,NULL,NULL
59,1,14,NULL,Day-2,NULL,"01:00 PM",NULL,NULL,7,2,27,NULL,NULL
60,1,14,NULL,Day-2,NULL,"01:00 PM",NULL,NULL,8,24,3,NULL,NULL
61,2,14,NULL,Day-2,NULL,"03:00 PM",NULL,NULL,5,22,15,NULL,NULL
62,2,14,NULL,Day-2,NULL,"03:00 PM",NULL,NULL,6,17,7,NULL,NULL
63,2,14,NULL,Day-2,NULL,"03:00 PM",NULL,NULL,7,6,33,NULL,NULL
64,2,14,NULL,Day-2,NULL,"03:00 PM",NULL,NULL,8,25,2,NULL,NULL
65,1,14,NULL,Day-2,NULL,"04:00 PM",NULL,NULL,1,16,7,NULL,NULL
66,1,14,NULL,Day-2,NULL,"04:00 PM",NULL,NULL,2,31,9,NULL,NULL
67,1,14,NULL,Day-2,NULL,"04:00 PM",NULL,NULL,3,6,25,NULL,NULL
68,1,14,NULL,Day-2,NULL,"04:00 PM",NULL,NULL,4,21,15,NULL,NULL
69,2,14,NULL,Day-2,NULL,"05:00 PM",NULL,NULL,1,32,24,NULL,NULL
70,2,14,NULL,Day-2,NULL,"05:00 PM",NULL,NULL,2,30,31,NULL,NULL
71,2,14,NULL,Day-2,NULL,"05:00 PM",NULL,NULL,3,20,13,NULL,NULL
72,2,14,NULL,Day-2,NULL,"05:00 PM",NULL,NULL,4,26,14,NULL,NULL
73,1,14,NULL,Day-3,NULL,"08:00 AM",NULL,NULL,5,11,13,NULL,NULL
74,1,14,NULL,Day-3,NULL,"08:00 AM",NULL,NULL,6,20,8,NULL,NULL
75,1,14,NULL,Day-3,NULL,"08:00 AM",NULL,NULL,7,2,18,NULL,NULL
76,1,14,NULL,Day-3,NULL,"08:00 AM",NULL,NULL,8,24,28,NULL,NULL
77,2,14,NULL,Day-3,NULL,"09:00 AM",NULL,NULL,5,22,8,NULL,NULL
78,2,14,NULL,Day-3,NULL,"09:00 AM",NULL,NULL,6,17,21,NULL,NULL
79,2,14,NULL,Day-3,NULL,"09:00 AM",NULL,NULL,7,6,5,NULL,NULL
80,2,14,NULL,Day-3,NULL,"09:00 AM",NULL,NULL,8,18,27,NULL,NULL
81,1,14,NULL,Day-3,NULL,"10:00 AM",NULL,NULL,1,16,17,NULL,NULL
82,1,14,NULL,Day-3,NULL,"10:00 AM",NULL,NULL,2,22,9,NULL,NULL
83,1,14,NULL,Day-3,NULL,"10:00 AM",NULL,NULL,3,30,25,NULL,NULL
84,1,14,NULL,Day-3,NULL,"10:00 AM",NULL,NULL,4,19,15,NULL,NULL
85,2,14,NULL,Day-3,NULL,"11:00 AM",NULL,NULL,1,24,21,NULL,NULL
86,2,14,NULL,Day-3,NULL,"11:00 AM",NULL,NULL,2,31,29,NULL,NULL
87,2,14,NULL,Day-3,NULL,"11:00 AM",NULL,NULL,3,10,13,NULL,NULL
88,2,14,NULL,Day-3,NULL,"11:00 AM",NULL,NULL,4,12,14,NULL,NULL
89,1,14,NULL,Day-3,NULL,"12:00 PM",NULL,NULL,1,12,29,NULL,NULL
90,1,14,NULL,Day-3,NULL,"12:00 PM",NULL,NULL,1,7,17,NULL,NULL
91,2,14,NULL,Day-3,NULL,"12:00 PM",NULL,NULL,8,18,16,NULL,NULL
92,2,14,NULL,Day-3,NULL,"12:00 PM",NULL,NULL,8,27,2,NULL,NULL
93,1,14,NULL,Day-3,NULL,"03:00 PM",NULL,NULL,1,12,7,NULL,NULL
94,1,14,NULL,Day-3,NULL,"03:00 PM",NULL,NULL,1,29,17,NULL,NULL
95,2,14,NULL,Day-3,NULL,"03:00 PM",NULL,NULL,8,18,2,NULL,NULL
96,2,14,NULL,Day-3,NULL,"03:00 PM",NULL,NULL,8,27,16,NULL,NULL
102,1,12,"Match 1",Day-1,NULL,07:00,08:10,NULL,1,4,3,"Venue 1",NULL
103,1,12,"Match 2","Day 1",NULL,08:20,09:30,NULL,1,5,2,"Venue 1",NULL
104,2,12,"Match- 1","Day- 1",NULL,07:00,08:00,NULL,1,11,30,"Venue- 1",NULL
105,2,12,"Match- 2","Day- 1",NULL,08:10,09:10,NULL,1,8,24,"Venue- 1",NULL
106,1,12,"Match 4",Day-1,NULL,11:00,12:10,NULL,1,26,7,"Venue 1",NULL
107,1,12,"Match 5","Day 1",NULL,12:20,01:30,NULL,1,31,13,Venue,NULL
108,2,12,"Match- 4","Day- 1",NULL,10:30,11:30,NULL,1,3,25,"Venue- 1",NULL
109,1,12,"Match 6","Day 1",NULL,01:40,02:50,NULL,1,20,15,"Venue 1",NULL
110,2,12,"Match- 5","Day- 1",NULL,11:40,12:40,NULL,1,12,14,"Venue- 1",NULL
111,1,12,"Match 7","Day 1",NULL,03:00,04:10,NULL,1,18,24,"Venue 1",NULL
112,1,12,"Match 8","Day 1",NULL,09:40,10:50,NULL,1,27,6,"Venue 1",NULL
113,2,12,"Match- 6","Day- 1",NULL,12:50,13:50,NULL,1,20,5,"Venue- 1",NULL
114,1,12,"Match 9","Day 1",NULL,05:30,06:20,NULL,1,19,8,"Venue 1",NULL
115,2,12,"Match- 7","Day- 1",NULL,14:00,15:00,NULL,1,18,19,"Venue- 1",NULL
116,2,12,"Match- 8","Day- 1",NULL,09:20,10:20,NULL,1,28,6,"Venue- 1",NULL
117,1,12,"Match 1","Day 1",NULL,07:00,08:10,NULL,2,9,30,"Venue 2",NULL
118,1,12,"Match 2","Day 1",NULL,08:20,09:30,NULL,2,33,1,"Venue 2",NULL
119,2,12,"Match- 9","Day- 1",NULL,16:20,17:20,NULL,1,16,10,"Venue- 1",NULL
120,1,12,"Match 3","Day 1",NULL,09:40,10:50,NULL,2,10,29,"Venue 2",NULL
121,2,12,"Match- 1","Day- 1",NULL,07:00,08:00,NULL,2,9,2,"Venue- 2",NULL
122,1,12,"Match 4","Day 1",NULL,11:00,12:10,NULL,2,28,23,"Venue 2",NULL
123,2,12,"Match- 2","Day- 1",NULL,08:10,09:10,NULL,2,7,17,"Venue- 2",NULL
124,1,12,"Match 5","Day 1",NULL,12:20,01:30,NULL,2,14,32,"Venue 2",NULL
125,1,12,"Match 6","Day 1",NULL,01:40,02:50,NULL,2,12,11,"Venue 6",NULL
126,2,12,"Match- 3","Day- 1",NULL,09:20,10:20,NULL,2,27,15,"Venue- 2",NULL
127,1,12,"Match 7","Day 1",NULL,03:00,04:10,NULL,2,16,21,"Venue 2",NULL
128,2,12,"Match- 4","Day- 1",NULL,10:30,11:30,NULL,2,1,29,"Venue- 2",NULL
129,1,12,"Match 8","Day 1",NULL,04:20,05:30,NULL,2,22,17,"Venue 2",NULL
130,2,12,"Match- 5","Day- 1",NULL,11:40,12:40,NULL,2,23,13,Venue-2,NULL
131,2,12,"Match- 6","Day- 1",NULL,12:50,13:50,NULL,2,22,26,"Venue- 2",NULL
132,2,12,"Match- 7","Day- 1",NULL,14:00,15:00,NULL,2,31,32,"Venue- 2",NULL
133,2,12,"Match- 8","Day- 1",NULL,15:10,16:10,NULL,2,33,4,"Venue- 2",NULL
135,2,25,NULL,NULL,NULL,NULL,NULL,NULL,1,20,10,NULL,NULL
136,2,25,NULL,NULL,NULL,NULL,NULL,NULL,2,28,18,NULL,NULL
137,2,25,NULL,NULL,NULL,NULL,NULL,NULL,1,20,4,NULL,NULL
138,2,25,NULL,NULL,NULL,NULL,NULL,NULL,2,28,9,NULL,NULL
139,1,25,NULL,NULL,NULL,NULL,NULL,NULL,1,10,31,NULL,NULL
140,2,25,NULL,NULL,NULL,NULL,NULL,NULL,1,10,31,NULL,NULL
141,1,25,NULL,NULL,NULL,NULL,NULL,NULL,2,28,32,NULL,NULL
142,1,25,NULL,NULL,NULL,NULL,NULL,NULL,3,7,3,NULL,NULL
143,2,25,NULL,NULL,NULL,NULL,NULL,NULL,2,18,3,NULL,NULL
144,1,25,NULL,NULL,NULL,NULL,NULL,NULL,4,13,17,NULL,NULL
145,2,25,NULL,NULL,NULL,NULL,NULL,NULL,3,6,7,NULL,NULL
146,1,25,NULL,NULL,NULL,NULL,NULL,NULL,1,20,6,NULL,NULL
147,1,25,NULL,NULL,NULL,NULL,NULL,NULL,2,24,18,NULL,NULL
148,2,25,NULL,NULL,NULL,NULL,NULL,NULL,4,24,13,NULL,NULL
149,1,25,NULL,NULL,NULL,NULL,NULL,NULL,3,9,19,NULL,NULL
150,2,25,NULL,NULL,NULL,NULL,NULL,NULL,1,31,4,NULL,NULL
151,1,25,NULL,NULL,NULL,NULL,NULL,NULL,4,16,11,NULL,NULL
152,1,25,NULL,NULL,NULL,NULL,NULL,NULL,1,20,4,NULL,NULL
153,2,25,NULL,NULL,NULL,NULL,NULL,NULL,2,3,9,NULL,NULL
154,1,25,NULL,NULL,NULL,NULL,NULL,NULL,2,24,12,NULL,NULL
155,2,25,NULL,NULL,NULL,NULL,NULL,NULL,3,7,23,NULL,NULL
156,1,25,NULL,NULL,NULL,NULL,NULL,NULL,3,9,26,NULL,NULL
157,1,25,NULL,NULL,NULL,NULL,NULL,NULL,4,16,23,NULL,NULL
158,2,25,NULL,NULL,NULL,NULL,NULL,NULL,4,13,12,NULL,NULL
159,1,25,NULL,NULL,NULL,NULL,NULL,NULL,1,6,31,NULL,NULL
160,1,25,NULL,NULL,NULL,NULL,NULL,NULL,2,18,32,NULL,NULL
161,2,25,NULL,NULL,NULL,NULL,NULL,NULL,1,31,20,NULL,NULL
162,2,25,NULL,NULL,NULL,NULL,NULL,NULL,2,3,28,NULL,NULL
163,1,25,NULL,NULL,NULL,NULL,NULL,NULL,3,19,3,NULL,NULL
164,2,25,NULL,NULL,NULL,NULL,NULL,NULL,1,4,10,NULL,NULL
165,1,25,NULL,NULL,NULL,NULL,NULL,NULL,4,11,17,NULL,NULL
166,2,25,NULL,NULL,NULL,NULL,NULL,NULL,2,9,18,NULL,NULL
167,1,25,NULL,NULL,NULL,NULL,NULL,NULL,1,6,10,NULL,NULL
168,2,25,NULL,NULL,NULL,NULL,NULL,NULL,3,23,6,NULL,NULL
169,1,25,NULL,NULL,NULL,NULL,NULL,NULL,2,18,28,NULL,NULL
170,1,25,NULL,NULL,NULL,NULL,NULL,NULL,3,19,7,NULL,NULL
171,2,25,NULL,NULL,NULL,NULL,NULL,NULL,4,12,24,NULL,NULL
172,1,25,NULL,NULL,NULL,NULL,NULL,NULL,4,11,13,NULL,NULL
173,1,25,NULL,NULL,NULL,NULL,NULL,NULL,1,31,4,NULL,NULL
174,1,25,NULL,NULL,NULL,NULL,NULL,NULL,2,32,12,NULL,NULL
175,1,25,NULL,NULL,NULL,NULL,NULL,NULL,3,3,26,NULL,NULL
176,1,25,NULL,NULL,NULL,NULL,NULL,NULL,4,17,23,NULL,NULL
177,1,25,NULL,NULL,NULL,NULL,NULL,NULL,1,31,20,NULL,NULL
178,1,25,NULL,NULL,NULL,NULL,NULL,NULL,2,32,24,NULL,NULL
179,1,25,NULL,NULL,NULL,NULL,NULL,NULL,3,3,9,NULL,NULL
180,1,25,NULL,NULL,NULL,NULL,NULL,NULL,4,17,16,NULL,NULL
181,1,25,NULL,NULL,NULL,NULL,NULL,NULL,1,4,10,NULL,NULL
182,1,25,NULL,NULL,NULL,NULL,NULL,NULL,2,12,28,NULL,NULL
183,1,25,NULL,NULL,NULL,NULL,NULL,NULL,3,26,7,NULL,NULL
184,1,25,NULL,NULL,NULL,NULL,NULL,NULL,4,23,13,NULL,NULL
185,1,25,NULL,NULL,NULL,NULL,NULL,NULL,1,4,6,NULL,NULL
186,1,25,NULL,NULL,NULL,NULL,NULL,NULL,2,12,18,NULL,NULL
187,1,25,NULL,NULL,NULL,NULL,NULL,NULL,3,26,19,NULL,NULL
188,1,25,NULL,NULL,NULL,NULL,NULL,NULL,4,23,11,NULL,NULL
189,1,25,NULL,NULL,NULL,NULL,NULL,NULL,1,10,20,NULL,NULL
190,1,25,NULL,NULL,NULL,NULL,NULL,NULL,2,28,24,NULL,NULL
191,1,25,NULL,NULL,NULL,NULL,NULL,NULL,3,7,9,NULL,NULL
192,1,25,NULL,NULL,NULL,NULL,NULL,NULL,4,13,16,NULL,NULL
193,2,32,W-1,Day-1,NULL,NULL,NULL,NULL,1,20,12,NULL,NULL
194,2,32,W-2,Day-1,NULL,NULL,NULL,NULL,2,23,7,NULL,NULL
195,1,32,M-1,Day-1,NULL,NULL,NULL,NULL,1,26,31,NULL,NULL
196,2,32,W-3,Day-1,NULL,NULL,NULL,NULL,3,32,29,NULL,NULL
197,1,32,M-2,Day-1,NULL,NULL,NULL,NULL,2,28,12,NULL,NULL
198,2,32,W-4,Day-1,NULL,NULL,NULL,NULL,4,4,3,NULL,NULL
199,1,32,M-3,Day-1,NULL,NULL,NULL,NULL,3,14,7,NULL,NULL
200,1,32,M-4,Day-1,NULL,NULL,NULL,NULL,4,23,33,NULL,NULL
201,2,32,W-5,Day-1,NULL,NULL,NULL,NULL,5,11,13,NULL,NULL
202,1,32,M-5,Day-1,NULL,NULL,NULL,NULL,5,11,30,NULL,NULL
203,2,32,W-6,Day-1,NULL,NULL,NULL,NULL,6,1,8,NULL,NULL
204,1,32,M-6,Day-1,NULL,NULL,NULL,NULL,6,4,19,NULL,NULL
205,1,32,M-7,Day-1,NULL,NULL,NULL,NULL,7,16,3,NULL,NULL
206,2,32,W-7,Day-1,NULL,NULL,NULL,NULL,8,25,22,NULL,NULL
207,1,32,M-8,Day-1,NULL,NULL,NULL,NULL,8,32,21,NULL,NULL
208,1,32,M-9,Day-1,NULL,NULL,NULL,NULL,1,25,22,NULL,NULL
209,2,32,W-8,Day-1,NULL,NULL,NULL,NULL,7,10,33,NULL,NULL
210,1,32,M-10,Day-1,NULL,NULL,NULL,NULL,8,20,9,NULL,NULL
211,2,32,W-9,Day-1,NULL,NULL,NULL,NULL,8,26,21,NULL,NULL
212,1,32,M-11,Day-1,NULL,NULL,NULL,NULL,2,6,13,NULL,NULL
213,1,32,M-12,Day-1,NULL,NULL,NULL,NULL,3,27,2,NULL,NULL
214,1,32,M-13,Day-1,NULL,NULL,NULL,NULL,4,17,18,NULL,NULL
215,1,32,M-14,Day-1,NULL,NULL,NULL,NULL,5,8,29,NULL,NULL
216,1,32,M-15,Day-1,NULL,NULL,NULL,NULL,6,5,15,NULL,NULL
217,1,32,M-16,Day-1,NULL,NULL,NULL,NULL,7,24,1,NULL,NULL
218,1,32,M-17,Day-1,NULL,NULL,NULL,NULL,8,10,9,NULL,NULL
219,2,32,W-10,Day-1,NULL,NULL,NULL,NULL,1,27,24,NULL,NULL
220,1,32,M-18,Day-1,NULL,NULL,NULL,NULL,1,26,22,NULL,NULL
221,1,32,M-19,Day-1,NULL,NULL,NULL,NULL,2,28,13,NULL,NULL
222,2,32,W-11,Day-1,NULL,NULL,NULL,NULL,2,28,30,NULL,NULL
223,1,32,M-20,Day-1,NULL,NULL,NULL,NULL,3,14,2,NULL,NULL
224,2,32,W-12,Day-1,NULL,NULL,NULL,NULL,3,15,16,NULL,NULL
225,1,32,M-21,Day-1,NULL,NULL,NULL,NULL,4,23,18,NULL,NULL
226,2,32,W-13,Day-1,NULL,NULL,NULL,NULL,4,2,31,NULL,NULL
227,1,32,M-22,Day-1,NULL,NULL,NULL,NULL,5,11,29,NULL,NULL
228,2,32,W-14,Day-1,NULL,NULL,NULL,NULL,5,14,17,NULL,NULL
229,2,32,W-15,Day-1,NULL,NULL,NULL,NULL,6,5,6,NULL,NULL
230,1,32,M-23,Day-2,NULL,NULL,NULL,NULL,8,10,21,NULL,NULL
231,1,32,M-24,Day-2,NULL,NULL,NULL,NULL,6,4,15,NULL,NULL
232,2,32,W-16,Day-1,NULL,NULL,NULL,NULL,7,19,18,NULL,NULL
233,1,32,M-25,Day-2,NULL,NULL,NULL,NULL,7,16,1,NULL,NULL
234,1,32,M-26,Day-2,NULL,NULL,NULL,NULL,8,32,9,NULL,NULL
235,1,32,M-27,Day-2,NULL,NULL,NULL,NULL,1,25,31,NULL,NULL
236,2,32,W-17,Day-1,NULL,NULL,NULL,NULL,8,9,22,NULL,NULL
237,1,32,M-28,Day-2,NULL,NULL,NULL,NULL,2,6,12,NULL,NULL
238,1,32,M-29,Day-2,NULL,NULL,NULL,NULL,3,27,7,NULL,NULL
239,2,32,W-18,Day-1,NULL,NULL,NULL,NULL,1,20,24,NULL,NULL
240,1,32,M-30,Day-2,NULL,NULL,NULL,NULL,4,17,33,NULL,NULL
241,1,32,M-31,Day-2,NULL,NULL,NULL,NULL,5,8,30,NULL,NULL
242,2,32,W-19,Day-1,NULL,NULL,NULL,NULL,2,23,30,NULL,NULL
243,1,32,M-32,Day-2,NULL,NULL,NULL,NULL,8,20,21,NULL,NULL
244,1,32,M-33,Day-2,NULL,NULL,NULL,NULL,6,5,19,NULL,NULL
245,2,32,W-20,Day-1,NULL,NULL,NULL,NULL,3,32,16,NULL,NULL
246,1,32,M-34,Day-2,NULL,NULL,NULL,NULL,7,24,3,NULL,NULL
247,2,32,W-21,Day-1,NULL,NULL,NULL,NULL,4,4,31,NULL,NULL
248,2,32,W-22,Day-1,NULL,NULL,NULL,NULL,5,11,17,NULL,NULL
249,2,32,W-23,Day-1,NULL,NULL,NULL,NULL,8,25,21,NULL,NULL
250,1,32,M-35,Day-3,NULL,NULL,NULL,NULL,8,10,20,NULL,NULL
251,2,32,W-24,Day-2,NULL,NULL,NULL,NULL,8,9,21,NULL,NULL
252,1,32,M-36,Day-3,NULL,NULL,NULL,NULL,1,22,31,NULL,NULL
253,1,32,M-37,Day-3,NULL,NULL,NULL,NULL,2,13,12,NULL,NULL
254,2,32,W-25,Day-2,NULL,NULL,NULL,NULL,6,1,6,NULL,NULL
255,1,32,M-38,Day-3,NULL,NULL,NULL,NULL,3,2,7,NULL,NULL
256,2,32,W-26,Day-2,NULL,NULL,NULL,NULL,7,10,18,NULL,NULL
257,1,32,M-39,Day-3,NULL,NULL,NULL,NULL,4,18,33,NULL,NULL
258,1,32,M-40,Day-3,NULL,NULL,NULL,NULL,5,29,30,NULL,NULL
259,2,32,W-27,Day-2,NULL,NULL,NULL,NULL,8,26,22,NULL,NULL
260,1,32,M-41,Day-3,NULL,NULL,NULL,NULL,6,15,19,NULL,NULL
261,1,32,M-42,Day-3,NULL,NULL,NULL,NULL,7,1,3,NULL,NULL
262,2,32,W-28,Day-2,NULL,NULL,NULL,NULL,1,27,12,NULL,NULL
263,1,32,M-43,Day-3,NULL,NULL,NULL,NULL,8,32,20,NULL,NULL
264,2,32,W-29,Day-2,NULL,NULL,NULL,NULL,2,28,7,NULL,NULL
265,1,32,M-44,Day-3,NULL,NULL,NULL,NULL,1,26,25,NULL,NULL
266,2,32,W-30,Day-2,NULL,NULL,NULL,NULL,3,15,29,NULL,NULL
267,1,32,M-45,Day-3,NULL,NULL,NULL,NULL,2,28,6,NULL,NULL
268,1,32,M-46,Day-3,NULL,NULL,NULL,NULL,3,14,27,NULL,NULL
269,2,32,W-31,Day-2,NULL,NULL,NULL,NULL,4,2,3,NULL,NULL
270,1,32,M-47,Day-3,NULL,NULL,NULL,NULL,4,23,17,NULL,NULL
271,1,32,M-48,Day-3,NULL,NULL,NULL,NULL,5,11,8,NULL,NULL
272,2,32,W-32,Day-2,NULL,NULL,NULL,NULL,4,14,13,NULL,NULL
273,1,32,M-49,Day-3,NULL,NULL,NULL,NULL,6,4,5,NULL,NULL
274,2,32,W-33,Day-2,NULL,NULL,NULL,NULL,6,5,8,NULL,NULL
275,1,32,M-50,Day-3,NULL,NULL,NULL,NULL,7,16,24,NULL,NULL
276,2,32,W-34,Day-2,NULL,NULL,NULL,NULL,7,19,33,NULL,NULL
277,1,32,M-51,Day-3,NULL,NULL,NULL,NULL,8,9,21,NULL,NULL
278,1,32,M-52,Day-3,NULL,NULL,NULL,NULL,8,32,10,NULL,NULL
279,2,32,W-35,Day-3,NULL,NULL,NULL,NULL,8,9,25,NULL,NULL
280,2,32,W-36,Day-3,NULL,NULL,NULL,NULL,1,24,12,NULL,NULL
281,2,32,W-37,Day-3,NULL,NULL,NULL,NULL,2,30,7,NULL,NULL
282,2,32,W-38,Day-3,NULL,NULL,NULL,NULL,3,16,29,NULL,NULL
283,2,32,W-39,Day-3,NULL,NULL,NULL,NULL,4,31,3,NULL,NULL
284,2,32,W-40,Day-3,NULL,NULL,NULL,NULL,5,17,13,NULL,NULL
285,2,32,W-41,Day-3,NULL,NULL,NULL,NULL,6,6,8,NULL,NULL
286,2,32,W-42,Day-3,NULL,NULL,NULL,NULL,7,18,33,NULL,NULL
287,2,32,W-43,Day-3,NULL,NULL,NULL,NULL,8,26,25,NULL,NULL
288,2,32,W-44,Day-3,NULL,NULL,NULL,NULL,1,20,27,NULL,NULL
289,2,32,W-45,Day-3,NULL,NULL,NULL,NULL,2,23,28,NULL,NULL
290,2,32,W-46,Day-3,NULL,NULL,NULL,NULL,3,32,15,NULL,NULL
291,2,32,W-47,Day-3,NULL,NULL,NULL,NULL,4,4,2,NULL,NULL
292,2,32,W-48,Day-3,NULL,NULL,NULL,NULL,5,11,14,NULL,NULL
293,2,32,W-49,Day-3,NULL,NULL,NULL,NULL,6,1,5,NULL,NULL
294,2,32,W-50,Day-3,NULL,NULL,NULL,NULL,7,10,19,NULL,NULL
295,2,32,W-51,Day-3,NULL,NULL,NULL,NULL,8,22,21,NULL,NULL
296,2,32,W-52,Day-3,NULL,NULL,NULL,NULL,8,26,9,NULL,NULL
297,1,15,M-1,DAY-1,NULL,8:00,NULL,NULL,2,11,20,NULL,NULL
298,1,15,M-2,DAY-1,NULL,9:30,NULL,NULL,1,10,26,NULL,NULL
299,1,15,M-3,DAY-1,NULL,11:00,NULL,NULL,2,32,14,NULL,NULL
300,1,15,M-4,DAY-1,NULL,13:00,NULL,NULL,1,23,1,NULL,NULL
301,1,15,M-5,DAY-1,NULL,14:30,NULL,NULL,2,4,20,NULL,NULL
302,1,15,M-6,DAY-1,NULL,16:00,NULL,NULL,1,16,26,NULL,NULL
303,1,15,M-1,DAY-2,NULL,7:00,NULL,NULL,2,11,32,NULL,NULL
304,1,15,M-2,DAY-2,NULL,8:30,NULL,NULL,1,10,1,NULL,NULL
305,1,15,M-3,DAY-2,NULL,10:00,NULL,NULL,2,4,14,NULL,NULL
306,1,15,M-4,DAY-2,NULL,11:30,NULL,NULL,1,16,23,NULL,NULL
307,1,15,M-5,DAY-2,NULL,13:00,NULL,NULL,2,20,32,NULL,NULL
308,1,15,M-6,DAY-2,NULL,14:30,NULL,NULL,1,26,1,NULL,NULL
309,1,6,Court-1,Day-1,NULL,NULL,NULL,NULL,1,4,15,NULL,NULL
310,1,15,M-7,DAY-2,NULL,16:00,NULL,NULL,2,14,11,NULL,NULL
311,2,6,Court-1,Day-1,NULL,NULL,NULL,NULL,1,4,30,NULL,NULL
312,1,6,Court-1,Day-1,NULL,NULL,NULL,NULL,2,17,19,NULL,NULL
313,2,6,Court-1,Day-1,NULL,NULL,NULL,NULL,2,26,33,NULL,NULL
314,1,15,M-1,DAY-3,NULL,7:00,NULL,NULL,1,10,16,NULL,NULL
315,1,15,M-2,DAY-3,NULL,8:30,NULL,NULL,2,4,32,NULL,NULL
316,1,15,M-3,DAY-3,NULL,10:00,NULL,NULL,1,26,23,NULL,NULL
317,1,15,M-4,DAY-3,NULL,11:30,NULL,NULL,2,20,14,NULL,NULL
318,1,6,Court-1,Day-1,NULL,NULL,NULL,NULL,3,26,22,NULL,NULL
319,2,6,Court-1,Day-1,NULL,NULL,NULL,NULL,3,23,29,NULL,NULL
320,1,15,M-5,DAY-3,NULL,13:00,NULL,NULL,1,16,1,NULL,NULL
321,1,15,M-6,DAY-3,NULL,14:30,NULL,NULL,2,4,11,NULL,NULL
322,1,6,Court-1,Day-1,NULL,NULL,NULL,NULL,4,13,33,NULL,NULL
323,1,15,M-7,DAY-3,NULL,16:00,NULL,NULL,1,10,23,NULL,NULL
324,2,6,Court-1,Day-1,NULL,NULL,NULL,NULL,4,13,6,NULL,NULL
325,1,6,Court-1,Day-1,NULL,NULL,NULL,NULL,5,24,21,NULL,NULL
326,2,6,Court-1,Day-1,NULL,NULL,NULL,NULL,5,32,27,NULL,NULL
327,1,6,Court-1,Day-1,NULL,NULL,NULL,NULL,6,20,2,NULL,NULL
328,2,6,Court-1,Day-1,NULL,NULL,NULL,NULL,6,14,9,NULL,NULL
329,1,6,Court-1,Day-1,NULL,NULL,NULL,NULL,7,32,10,NULL,NULL
330,2,6,Court-1,Day-1,NULL,NULL,NULL,NULL,7,17,24,NULL,NULL
331,1,6,Court-1,Day-1,NULL,NULL,NULL,NULL,8,3,6,NULL,NULL
332,2,6,Court-1,Day-1,NULL,NULL,NULL,NULL,8,11,10,NULL,NULL
333,1,6,Court-1,Day-1,NULL,NULL,NULL,NULL,1,4,8,NULL,NULL
334,2,15,M-1,DAY-1,NULL,7:00,NULL,NULL,2,16,20,NULL,NULL
335,1,6,Court-1,Day-1,NULL,NULL,NULL,NULL,1,18,9,NULL,NULL
336,2,6,Court-1,Day-1,NULL,NULL,NULL,NULL,1,20,19,NULL,NULL
337,2,15,M-2,DAY-1,NULL,8:00,NULL,NULL,1,10,26,NULL,NULL
338,2,6,Court-1,Day-1,NULL,NULL,NULL,NULL,1,4,31,NULL,NULL
339,2,15,M-3,DAY-1,NULL,9:00,NULL,NULL,2,32,14,NULL,NULL
340,2,15,M-4,DAY-1,NULL,10:00,NULL,NULL,1,23,1,NULL,NULL
341,2,15,M-5,DAY-1,NULL,11:00,NULL,NULL,2,4,20,NULL,NULL
342,1,6,Court-2,Day-1,NULL,NULL,NULL,NULL,2,5,29,NULL,NULL
343,2,15,M-6,DAY-1,NULL,12:00,NULL,NULL,1,11,26,NULL,NULL
344,2,6,Court-2,Day-1,NULL,NULL,NULL,NULL,2,2,22,NULL,NULL
345,1,6,Court-2,Day-1,NULL,NULL,NULL,NULL,3,27,30,NULL,NULL
346,2,15,M-7,DAY-1,NULL,1:00,NULL,NULL,2,16,32,NULL,NULL
347,2,6,Court-2,Day-1,NULL,NULL,NULL,NULL,3,28,15,NULL,NULL
348,1,6,Court-2,Day-1,NULL,NULL,NULL,NULL,4,12,16,NULL,NULL
349,2,15,M-8,DAY-1,NULL,2:00,NULL,NULL,1,10,1,NULL,NULL
350,2,6,Court-2,Day-1,NULL,NULL,NULL,NULL,4,12,5,NULL,NULL
351,1,6,Court-2,Day-1,NULL,NULL,NULL,NULL,5,1,31,NULL,NULL
352,2,15,M-9,DAY-1,NULL,3:00,NULL,NULL,2,4,14,NULL,NULL
353,2,6,Court-2,Day-1,NULL,NULL,NULL,NULL,5,3,21,NULL,NULL
354,2,15,M-10,DAY-1,NULL,4:00,NULL,NULL,1,11,23,NULL,NULL
355,1,6,Court-2,Day-1,NULL,NULL,NULL,NULL,6,25,23,NULL,NULL
356,2,6,Court-2,Day-1,NULL,NULL,NULL,NULL,6,25,8,NULL,NULL
357,2,15,M-1,DAY-2,NULL,7:00,NULL,NULL,2,20,32,NULL,NULL
358,1,6,Court-2,Day-1,NULL,NULL,NULL,NULL,7,28,7,NULL,NULL
359,2,15,M-12,DAY-2,NULL,8:00,NULL,NULL,1,26,1,NULL,NULL
360,2,6,Court-2,Day-1,NULL,NULL,NULL,NULL,7,16,1,NULL,NULL
361,2,15,M-13,DAY-2,NULL,9:00,NULL,NULL,2,14,16,NULL,NULL
362,1,6,Court-2,Day-1,NULL,NULL,NULL,NULL,8,14,11,NULL,NULL
363,2,6,Court-2,Day-1,NULL,NULL,NULL,NULL,8,18,7,NULL,NULL
364,2,15,M-14,DAY-2,NULL,10:00,NULL,NULL,1,10,11,NULL,NULL
365,1,6,Court-2,Day-1,NULL,NULL,NULL,NULL,1,8,15,NULL,NULL
366,2,15,M-15,DAY-2,NULL,11:00,NULL,NULL,2,4,32,NULL,NULL
367,1,6,Court-2,Day-1,NULL,NULL,NULL,NULL,1,4,9,NULL,NULL
368,2,6,Court-2,Day-1,NULL,NULL,NULL,NULL,1,4,19,NULL,NULL
369,2,15,M-16,DAY-2,NULL,12:00,NULL,NULL,1,26,23,NULL,NULL
370,2,6,Court-2,Day-1,NULL,NULL,NULL,NULL,1,30,31,NULL,NULL
371,2,15,M-17,DAY-2,NULL,1:00,NULL,NULL,2,20,14,NULL,NULL
372,1,6,Court-2,Day-1,NULL,NULL,NULL,NULL,2,17,5,NULL,NULL
373,2,6,Court-2,Day-1,NULL,NULL,NULL,NULL,2,26,2,NULL,NULL
374,2,15,M-18,DAY-2,NULL,2:00,NULL,NULL,1,11,1,NULL,NULL
375,1,6,Court-1,Day-2,NULL,NULL,NULL,NULL,3,26,27,NULL,NULL
376,2,15,M-19,DAY-2,NULL,3:00,NULL,NULL,2,4,16,NULL,NULL
377,2,6,Court-1,Day-2,NULL,NULL,NULL,NULL,3,23,28,NULL,NULL
378,1,6,Court-1,Day-2,NULL,NULL,NULL,NULL,4,13,12,NULL,NULL
379,2,15,M-20,DAY-2,NULL,4:00,NULL,NULL,1,10,23,NULL,NULL
380,2,6,Court-1,Day-2,NULL,NULL,NULL,NULL,4,13,12,NULL,NULL
381,1,6,Court-1,Day-2,NULL,NULL,NULL,NULL,5,24,1,NULL,NULL
382,2,6,Court-1,Day-2,NULL,NULL,NULL,NULL,5,32,3,NULL,NULL
383,1,6,Court-1,Day-2,NULL,NULL,NULL,NULL,6,20,25,NULL,NULL
384,2,6,Court-1,Day-2,NULL,NULL,NULL,NULL,6,14,25,NULL,NULL
385,1,6,Court-1,Day-2,NULL,NULL,NULL,NULL,7,32,7,NULL,NULL
386,2,6,Court-1,Day-2,NULL,NULL,NULL,NULL,7,17,16,NULL,NULL
387,1,6,Court-1,Day-2,NULL,NULL,NULL,NULL,8,3,14,NULL,NULL
388,2,6,Court-1,Day-2,NULL,NULL,NULL,NULL,8,18,11,NULL,NULL
389,1,6,Court-1,Day-2,NULL,NULL,NULL,NULL,1,4,18,NULL,NULL
390,1,6,Court-1,Day-2,NULL,NULL,NULL,NULL,1,9,8,NULL,NULL
391,2,6,Court-1,Day-2,NULL,NULL,NULL,NULL,1,30,20,NULL,NULL
392,2,6,Court-1,Day-2,NULL,NULL,NULL,NULL,1,19,31,NULL,NULL
393,1,6,Court-1,Day-2,NULL,NULL,NULL,NULL,2,17,29,NULL,NULL
394,2,6,Court-1,Day-2,NULL,NULL,NULL,NULL,2,33,22,NULL,NULL
395,1,6,Court-1,Day-2,NULL,NULL,NULL,NULL,3,22,30,NULL,NULL
396,2,6,Court-1,Day-2,NULL,NULL,NULL,NULL,3,29,15,NULL,NULL
397,1,6,Court-2,Day-2,NULL,NULL,NULL,NULL,4,33,16,NULL,NULL
398,2,6,Court-2,Day-2,NULL,NULL,NULL,NULL,4,6,5,NULL,NULL
399,1,6,Court-2,Day-2,NULL,NULL,NULL,NULL,5,21,31,NULL,NULL
400,2,6,Court-2,Day-2,NULL,NULL,NULL,NULL,5,27,21,NULL,NULL
401,1,6,Court-2,Day-2,NULL,NULL,NULL,NULL,6,2,23,NULL,NULL
402,2,6,Court-2,Day-2,NULL,NULL,NULL,NULL,6,9,8,NULL,NULL
403,1,6,Court-2,Day-2,NULL,NULL,NULL,NULL,7,10,28,NULL,NULL
404,2,6,Court-2,Day-2,NULL,NULL,NULL,NULL,7,24,1,NULL,NULL
405,1,6,Court-2,Day-2,NULL,NULL,NULL,NULL,8,6,11,NULL,NULL
406,2,6,Court-2,Day-2,NULL,NULL,NULL,NULL,8,10,7,NULL,NULL
407,1,6,Court-2,Day-2,NULL,NULL,NULL,NULL,1,18,8,NULL,NULL
408,1,6,Court-2,Day-2,NULL,NULL,NULL,NULL,1,9,15,NULL,NULL
409,2,6,Court-2,Day-2,NULL,NULL,NULL,NULL,1,4,20,NULL,NULL
410,2,6,Court-2,Day-2,NULL,NULL,NULL,NULL,1,31,19,NULL,NULL
411,1,6,Court-2,Day-2,NULL,NULL,NULL,NULL,2,19,5,NULL,NULL
412,2,6,Court-2,Day-2,NULL,NULL,NULL,NULL,2,26,22,NULL,NULL
413,1,6,Court-2,Day-2,NULL,NULL,NULL,NULL,3,26,30,NULL,NULL
414,2,6,Court-2,Day-2,NULL,NULL,NULL,NULL,3,23,15,NULL,NULL
415,1,6,Court-2,Day-2,NULL,NULL,NULL,NULL,4,33,12,NULL,NULL
416,2,6,Court-2,Day-2,NULL,NULL,NULL,NULL,4,13,5,NULL,NULL
417,1,6,Court-1,Day-3,NULL,NULL,NULL,NULL,5,21,1,NULL,NULL
418,2,6,Court-1,Day-3,NULL,NULL,NULL,NULL,5,32,21,NULL,NULL
419,1,6,Court-1,Day-3,NULL,NULL,NULL,NULL,6,2,25,NULL,NULL
420,2,6,Court-1,Day-3,NULL,NULL,NULL,NULL,6,14,8,NULL,NULL
421,1,6,Court-1,Day-3,NULL,NULL,NULL,NULL,7,32,28,NULL,NULL
422,2,6,Court-1,Day-3,NULL,NULL,NULL,NULL,7,17,1,NULL,NULL
423,1,6,Court-1,Day-3,NULL,NULL,NULL,NULL,8,3,11,NULL,NULL
424,2,6,Court-1,Day-3,NULL,NULL,NULL,NULL,8,11,7,NULL,NULL
425,1,6,Court-1,Day-3,NULL,NULL,NULL,NULL,1,18,15,NULL,NULL
426,2,6,Court-1,Day-3,NULL,NULL,NULL,NULL,1,30,19,NULL,NULL
427,1,6,Court-1,Day-3,NULL,NULL,NULL,NULL,2,19,29,NULL,NULL
428,2,6,Court-1,Day-3,NULL,NULL,NULL,NULL,2,33,2,NULL,NULL
429,1,6,Court-2,Day-3,NULL,NULL,NULL,NULL,3,22,27,NULL,NULL
430,2,6,Court-2,Day-3,NULL,NULL,NULL,NULL,3,29,28,NULL,NULL
431,1,6,Court-2,Day-3,NULL,NULL,NULL,NULL,4,13,16,NULL,NULL
432,2,6,Court-2,Day-3,NULL,NULL,NULL,NULL,4,6,12,NULL,NULL
433,1,6,Court-2,Day-3,NULL,NULL,NULL,NULL,5,24,31,NULL,NULL
434,2,6,Court-2,Day-3,NULL,NULL,NULL,NULL,5,27,3,NULL,NULL
435,1,6,Court-2,Day-3,NULL,NULL,NULL,NULL,6,20,23,NULL,NULL
436,2,6,Court-2,Day-3,NULL,NULL,NULL,NULL,6,9,25,NULL,NULL
437,1,6,Court-2,Day-3,NULL,NULL,NULL,NULL,7,10,7,NULL,NULL
438,2,6,Court-2,Day-3,NULL,NULL,NULL,NULL,7,24,16,NULL,NULL
439,1,6,Court-2,Day-3,NULL,NULL,NULL,NULL,8,6,14,NULL,NULL
440,2,6,Court-2,Day-3,NULL,NULL,NULL,NULL,8,10,7,NULL,NULL
446,1,19,M-1,Day-1,NULL,07:00,07:40,NULL,1,20,28,NULL,NULL
447,1,19,M-2,Day-1,NULL,07:00,07:40,NULL,2,11,29,NULL,NULL
449,1,19,M-3,Day-1,NULL,07:00,07:40,NULL,3,21,24,NULL,NULL
450,1,19,M-4,Day-1,NULL,07:00,07:40,NULL,4,26,25,NULL,NULL
452,1,19,M-5,Day-1,NULL,07:50,08:30,NULL,1,9,18,NULL,NULL
453,1,19,M-15,Day-1,NULL,15:30,16:10,NULL,5,19,8,NULL,NULL
454,1,19,M-16,Day-1,NULL,15:30,16:10,NULL,6,22,31,NULL,NULL
455,1,19,M-17,Day-1,NULL,16:20,17:00,NULL,7,27,10,NULL,NULL
456,1,19,M-18,Day-1,NULL,16:20,17:00,NULL,8,5,23,NULL,NULL
457,1,19,M-19,Day-1,NULL,16:20,17:00,NULL,1,4,28,NULL,NULL
458,1,19,M-21,Day-1,NULL,17:10,17:50,NULL,1,9,20,NULL,NULL
459,1,19,M-22,Day-1,NULL,17:10,17:50,NULL,2,11,12,NULL,NULL
460,1,19,M-23,Day-1,NULL,17:10,17:50,NULL,3,21,33,NULL,NULL
461,1,19,M-24,Day-1,NULL,17:10,17:50,NULL,4,26,15,NULL,NULL
462,1,19,M-29,Day-1,NULL,18:50,19:30,NULL,5,19,6,NULL,NULL
463,1,19,M-30,Day-1,NULL,18:50,19:30,NULL,6,22,16,NULL,NULL
464,1,19,M-31,Day-1,NULL,18:50,19:30,NULL,7,27,14,NULL,NULL
465,1,19,M-32,Day-1,NULL,18:50,19:30,NULL,8,5,3,NULL,NULL
466,1,19,M-37,Day-1,NULL,20:30,21:10,NULL,1,4,18,NULL,NULL
467,1,19,M-38,Day-1,NULL,20:30,21:10,NULL,2,17,29,NULL,NULL
468,1,19,M-39,Day-1,NULL,20:30,21:10,NULL,3,2,24,NULL,NULL
469,1,19,M-40,Day-1,NULL,20:30,21:10,NULL,4,7,25,NULL,NULL
470,2,19,M-6,DAY-1,NULL,07:50,08:30,NULL,1,27,3,NULL,NULL
472,1,19,M-45,Day-2,NULL,08:50,09:30,NULL,5,1,8,NULL,NULL
474,1,19,M-46,Day-2,NULL,08:50,09:30,NULL,6,30,31,NULL,NULL
475,2,19,M-9,DAY-1,NULL,08:40,09:20,NULL,4,5,28,NULL,NULL
476,1,19,M-47,Day-2,NULL,08:50,09:30,NULL,7,32,10,NULL,NULL
477,1,19,M-48,Day-2,NULL,08:50,09:30,NULL,8,13,23,NULL,NULL
478,2,19,M-7,DAY-1,NULL,07:50,08:30,NULL,2,25,10,NULL,NULL
479,1,19,M-54,Day-2,NULL,10:20,11:00,NULL,1,9,28,NULL,NULL
480,2,19,M-8,DAY-1,NULL,07:50,08:30,NULL,3,20,11,NULL,NULL
481,1,19,M-55,Day-2,NULL,10:20,11:00,NULL,2,29,12,NULL,NULL
482,2,19,M-10,DAY-1,NULL,08:40,09:20,NULL,1,9,6,NULL,NULL
483,2,19,M-11,DAY-1,NULL,08:40,09:20,NULL,5,8,13,NULL,NULL
484,2,19,M-12,DAY-1,NULL,08:40,09:20,NULL,6,19,12,NULL,NULL
485,1,19,M-56,Day-2,NULL,10:20,11:00,NULL,3,24,33,NULL,NULL
486,2,19,M-13,DAY-1,NULL,15:30,16:10,NULL,7,17,18,NULL,NULL
487,1,19,M-57,Day-2,NULL,11:10,11:50,NULL,4,25,15,NULL,NULL
488,2,19,M-14,DAY-1,NULL,15:30,16:10,NULL,8,22,24,NULL,NULL
489,1,19,M-58,Day-2,NULL,11:10,11:50,NULL,1,18,20,NULL,NULL
490,2,19,M-20,DAY-1,NULL,16:20,17:00,NULL,1,33,3,NULL,NULL
491,1,19,M-63,Day-2,NULL,15:30,16:10,NULL,5,8,6,NULL,NULL
492,2,19,M-25,DAY-1,NULL,18:00,18:40,NULL,1,9,27,NULL,NULL
493,1,19,M-64,Day-2,NULL,15:30,16:10,NULL,6,31,16,NULL,NULL
494,2,19,M-26,DAY-1,NULL,18:00,18:40,NULL,2,25,29,NULL,NULL
495,1,19,M-65,Day-2,NULL,16:20,17:00,NULL,7,10,14,NULL,NULL
496,2,19,M-27,DAY-1,NULL,18:00,18:40,NULL,3,20,16,NULL,NULL
497,1,19,M-66,Day-2,NULL,16:20,17:00,NULL,8,23,3,NULL,NULL
498,2,19,M-28,DAY-1,NULL,06:00,06:40,NULL,4,5,2,NULL,NULL
499,1,19,M-71,Day-2,NULL,17:10,17:50,NULL,1,4,9,NULL,NULL
500,1,19,M-72,Day-2,NULL,17:10,17:50,NULL,2,17,11,NULL,NULL
501,1,19,M-73,Day-2,NULL,18:00,18:40,NULL,3,2,21,NULL,NULL
502,1,19,M-74,Day-2,NULL,18:00,18:40,NULL,4,7,26,NULL,NULL
503,1,19,M-83,Day-2,NULL,19:40,20:20,NULL,5,1,19,NULL,NULL
504,1,19,M-84,Day-2,NULL,19:40,20:20,NULL,6,30,22,NULL,NULL
505,1,19,M-85,Day-2,NULL,08:30,09:10,NULL,7,32,27,NULL,NULL
506,1,19,M-86,Day-2,NULL,08:30,09:10,NULL,8,13,5,NULL,NULL
507,1,19,M-87,Day-2,NULL,08:30,09:10,NULL,1,18,28,NULL,NULL
508,1,19,M-89,Day-3,NULL,07:30,08:10,NULL,5,1,6,NULL,NULL
509,1,19,M-90,Day-3,NULL,07:30,08:10,NULL,6,30,16,NULL,NULL
510,1,19,M-91,Day-3,NULL,07:30,08:10,NULL,7,32,14,NULL,NULL
511,1,19,M-92,Day-3,NULL,07:30,08:10,NULL,8,13,3,NULL,NULL
512,1,19,M-101,Day-3,NULL,10:20,11:00,NULL,1,4,20,NULL,NULL
513,1,19,M-102,Day-3,NULL,10:20,11:00,NULL,2,17,12,NULL,NULL
514,1,19,M-103,Day-3,NULL,10:20,11:00,NULL,3,2,33,NULL,NULL
515,1,19,M-104,Day-3,NULL,10:20,11:00,NULL,4,7,15,NULL,NULL
516,2,19,M-33,Day-1,NULL,19:40,20:20,NULL,5,8,30,NULL,NULL
517,2,19,M-34,Day-1,NULL,19:40,20:20,NULL,6,19,32,NULL,NULL
518,2,19,M-35,Day-1,NULL,19:40,20:20,NULL,7,17,14,NULL,NULL
519,2,19,M-36,Day-1,NULL,19:40,20:20,NULL,8,22,7,NULL,NULL
520,2,19,M-41,DAY-2,NULL,07:30,08:10,NULL,1,33,6,NULL,NULL
521,2,19,M-42,DAY-2,NULL,07:30,08:10,NULL,2,4,10,NULL,NULL
522,2,19,M-43,DAY-2,NULL,07:30,08:10,NULL,3,23,11,NULL,NULL
523,2,19,M-44,DAY-2,NULL,07:30,08:10,NULL,4,1,28,NULL,NULL
524,2,19,M-49,DAY-2,NULL,09:40,10:10,NULL,5,15,13,NULL,NULL
525,2,19,M-50,DAY-2,NULL,09:40,10:10,NULL,6,31,12,NULL,NULL
526,2,19,M-51,DAY-2,NULL,09:40,10:10,NULL,7,26,18,NULL,NULL
527,2,19,M-52,DAY-2,NULL,09:40,10:10,NULL,8,21,24,NULL,NULL
528,2,19,M-53,DAY-2,NULL,10:20,11:00,NULL,1,9,3,NULL,NULL
529,2,19,M-59,DAY-2,NULL,11:10,11:50,NULL,2,10,29,NULL,NULL
530,2,19,M-60,DAY-2,NULL,11:10,11:50,NULL,3,11,16,NULL,NULL
531,2,19,M-61,DAY-2,NULL,15:30,16:10,NULL,4,28,2,NULL,NULL
532,2,19,M-62,DAY-2,NULL,15:30,16:10,NULL,1,6,27,NULL,NULL
533,2,19,M-67,DAY-2,NULL,16:20,17:00,NULL,5,13,30,NULL,NULL
534,2,19,M-68,DAY-2,NULL,16:20,17:00,NULL,6,12,32,NULL,NULL
535,2,19,M-69,DAY-2,NULL,17:10,17:50,NULL,7,18,14,NULL,NULL
536,2,19,M-70,DAY-2,NULL,17:10,17:50,NULL,8,24,7,NULL,NULL
537,2,19,M-75,DAY-2,NULL,18:00,18:40,NULL,1,33,9,NULL,NULL
538,2,19,M-76,DAY-2,NULL,18:00,18:40,NULL,2,4,25,NULL,NULL
539,2,19,M-77,DAY-2,NULL,18:50,19:30,NULL,3,23,20,NULL,NULL
540,2,19,M-78,DAY-2,NULL,06:50,07:30,NULL,4,1,5,NULL,NULL
541,2,19,M-79,DAY-2,NULL,18:50,19:30,NULL,5,15,8,NULL,NULL
542,2,19,M-80,DAY-2,NULL,18:50,19:30,NULL,6,31,19,NULL,NULL
543,2,19,M-81,DAY-2,NULL,19:40,20:20,NULL,7,26,17,NULL,NULL
544,2,19,M-82,DAY-2,NULL,19:40,20:20,NULL,8,21,22,NULL,NULL
545,2,19,M-88,DAY-2,NULL,08:30,09:10,NULL,1,6,3,NULL,NULL
546,2,19,M-93,DAY-3,NULL,08:50,09:30,NULL,5,15,30,NULL,NULL
547,2,19,M-94,DAY-3,NULL,08:50,09:30,NULL,6,31,32,NULL,NULL
548,2,19,M-95,DAY-3,NULL,08:50,09:30,NULL,7,26,14,NULL,NULL
549,2,19,M-96,DAY-3,NULL,08:50,09:30,NULL,8,21,7,NULL,NULL
550,2,19,M-97,DAY-3,NULL,09:40,10:10,NULL,1,33,27,NULL,NULL
551,2,19,M-98,DAY-3,NULL,09:40,10:10,NULL,2,4,29,NULL,NULL
552,2,19,M-99,DAY-3,NULL,09:40,10:10,NULL,3,23,16,NULL,NULL
553,2,19,M-100,DAY-3,NULL,09:40,10:10,NULL,4,1,2,NULL,NULL
554,1,27,M-1,DAY-1,NULL,NULL,NULL,NULL,1,4,28,NULL,NULL
555,1,27,M-2,DAY-1,NULL,NULL,NULL,NULL,2,1,22,NULL,NULL
556,1,27,M-3,DAY-1,NULL,NULL,NULL,NULL,3,3,7,NULL,NULL
557,1,27,M-4,DAY-1,NULL,NULL,NULL,NULL,4,16,17,NULL,NULL
558,1,27,M-5,DAY-1,NULL,NULL,NULL,NULL,5,16,24,NULL,NULL
559,1,27,M-6,DAY-1,NULL,NULL,NULL,NULL,6,26,20,NULL,NULL
560,1,27,M-7,DAY-1,NULL,NULL,NULL,NULL,7,32,25,NULL,NULL
561,1,27,M-8,DAY-1,NULL,NULL,NULL,NULL,8,23,10,NULL,NULL
562,1,27,M-9,DAY-1,NULL,NULL,NULL,NULL,1,4,34,NULL,NULL
563,1,27,M-10,DAY-1,NULL,NULL,NULL,NULL,2,1,6,NULL,NULL
564,1,27,M-11,DAY-1,NULL,NULL,NULL,NULL,3,3,2,NULL,NULL
565,1,27,M-12,DAY-1,NULL,NULL,NULL,NULL,4,16,5,NULL,NULL
566,1,27,M-13,DAY-2,NULL,NULL,NULL,NULL,5,16,12,NULL,NULL
567,1,27,M-14,DAY-2,NULL,NULL,NULL,NULL,6,26,13,NULL,NULL
568,1,27,M-15,DAY-2,NULL,NULL,NULL,NULL,7,32,15,NULL,NULL
569,1,27,M-16,DAY-2,NULL,NULL,NULL,NULL,8,23,34,NULL,NULL
570,1,27,M-17,DAY-2,NULL,NULL,NULL,NULL,1,28,34,NULL,NULL
571,1,27,M-18,DAY-2,NULL,NULL,NULL,NULL,2,22,6,NULL,NULL
572,1,27,M-19,DAY-2,NULL,NULL,NULL,NULL,3,7,2,NULL,NULL
573,1,27,M-20,DAY-2,NULL,NULL,NULL,NULL,4,17,5,NULL,NULL
574,1,27,M-21,DAY-2,NULL,NULL,NULL,NULL,5,24,12,NULL,NULL
575,1,27,M-22,DAY-2,NULL,NULL,NULL,NULL,6,20,13,NULL,NULL
576,1,27,M-23,DAY-2,NULL,NULL,NULL,NULL,7,25,15,NULL,NULL
577,2,5,1,"Day 1",NULL,NULL,NULL,NULL,1,23,28,NULL,NULL
578,1,27,M-24,DAY-2,NULL,NULL,NULL,NULL,8,10,34,NULL,NULL
579,2,5,M-2,"Day 1",NULL,NULL,NULL,NULL,2,14,27,NULL,NULL
580,2,5,M-3,"Day 1",NULL,NULL,NULL,NULL,3,10,13,NULL,NULL
581,2,5,M-4,"Day 1",NULL,NULL,NULL,NULL,4,20,12,NULL,NULL
582,2,5,M-5,"Day 1",NULL,NULL,NULL,NULL,5,26,29,NULL,NULL
583,2,5,M-6,"Day 1",NULL,NULL,NULL,NULL,6,1,7,NULL,NULL
584,2,5,"M- 7","Day 1",NULL,NULL,NULL,NULL,7,3,22,NULL,NULL
585,2,5,M-8,"Day 1",NULL,NULL,NULL,NULL,8,4,24,NULL,NULL
586,2,5,M-9,"Day 1",NULL,NULL,NULL,NULL,1,23,16,NULL,NULL
587,2,5,M-10,"Day 1",NULL,NULL,NULL,NULL,2,14,32,NULL,NULL
588,2,5,M-11,"Day 1",NULL,NULL,NULL,NULL,3,10,2,NULL,NULL
589,2,5,M-12,"Day 1",NULL,NULL,NULL,NULL,4,20,6,NULL,NULL
590,2,5,M-13,"Day 1",NULL,NULL,NULL,NULL,5,26,17,NULL,NULL
591,2,5,M-14,"Day 1",NULL,NULL,NULL,NULL,6,1,15,NULL,NULL
592,2,5,M-15,"Day 1",NULL,NULL,NULL,NULL,7,3,9,NULL,NULL
593,2,5,M-16,"Day 1",NULL,NULL,NULL,NULL,8,4,21,NULL,NULL
594,2,5,M-17,"Day 1",NULL,NULL,NULL,NULL,1,28,16,NULL,NULL
595,2,5,"M- 18","Day 1",NULL,NULL,NULL,NULL,2,27,32,NULL,NULL
596,2,5,M-19,"Day 1",NULL,NULL,NULL,NULL,3,13,2,NULL,NULL
597,2,5,M-20,"Day 1",NULL,NULL,NULL,NULL,4,12,6,NULL,NULL
598,2,5,M-21,"Day 1",NULL,NULL,NULL,NULL,5,29,17,NULL,NULL
599,2,5,"M- 22","Day 1",NULL,NULL,NULL,NULL,6,7,15,NULL,NULL
600,2,5,M-23,"Day 1",NULL,NULL,NULL,NULL,7,22,9,NULL,NULL
601,2,5,M-24,"Day 1",NULL,NULL,NULL,NULL,8,24,21,NULL,NULL
602,2,27,M-1,DAY-1,NULL,NULL,NULL,NULL,1,23,13,NULL,NULL
603,2,27,M-2,DAY-1,NULL,NULL,NULL,NULL,2,4,17,NULL,NULL
604,2,27,M-3,DAY-1,NULL,NULL,NULL,NULL,3,14,25,NULL,NULL
605,2,27,M-4,DAY-1,NULL,NULL,NULL,NULL,4,16,15,NULL,NULL
606,2,27,M-5,DAY-1,NULL,NULL,NULL,NULL,5,3,10,NULL,NULL
607,2,27,M-6,DAY-1,NULL,NULL,NULL,NULL,6,5,1,NULL,NULL
608,2,27,M-7,DAY-1,NULL,NULL,NULL,NULL,7,32,22,NULL,NULL
609,2,27,M-8,DAY-1,NULL,NULL,NULL,NULL,8,28,6,NULL,NULL
610,2,27,M-9,DAY-1,NULL,NULL,NULL,NULL,1,23,34,NULL,NULL
611,1,5,M-1,"Day 1",NULL,NULL,NULL,NULL,1,4,22,NULL,NULL
612,1,5,M-2,"Day 2",NULL,NULL,NULL,NULL,2,3,10,NULL,NULL
613,2,27,M-10,DAY-1,NULL,NULL,NULL,NULL,2,4,7,NULL,NULL
614,1,5,M-3,"Day 3",NULL,NULL,NULL,NULL,3,23,14,NULL,NULL
615,1,5,M-4,"Day 1",NULL,NULL,NULL,NULL,4,13,5,NULL,NULL
616,2,27,M-11,DAY-1,NULL,NULL,NULL,NULL,3,14,2,NULL,NULL
617,2,27,M-12,DAY-1,NULL,NULL,NULL,NULL,4,16,20,NULL,NULL
618,1,5,M-5,"Day 1",NULL,NULL,NULL,NULL,5,17,12,NULL,NULL
619,1,5,M-6,"Day 1",NULL,NULL,NULL,NULL,6,16,24,NULL,NULL
620,1,5,M-7,"Day 1",NULL,NULL,NULL,NULL,7,28,20,NULL,NULL
621,2,27,M-13,DAY-2,NULL,NULL,NULL,NULL,5,3,12,NULL,NULL
622,1,5,M-8,"Day 1",NULL,NULL,NULL,NULL,8,26,29,NULL,NULL
623,2,27,M-14,DAY-2,NULL,NULL,NULL,NULL,6,5,24,NULL,NULL
624,1,5,M-9,"Day 1",NULL,NULL,NULL,NULL,1,4,15,NULL,NULL
625,1,5,M-10,"Day 1",NULL,NULL,NULL,NULL,2,3,2,NULL,NULL
626,1,5,M-11,"Day 1",NULL,NULL,NULL,NULL,3,23,6,NULL,NULL
627,2,27,M-14,DAY-2,NULL,NULL,NULL,NULL,6,5,24,NULL,NULL
628,1,5,M-12,"Day 1",NULL,NULL,NULL,NULL,4,13,9,NULL,NULL
629,1,5,M-13,"Day 1",NULL,NULL,NULL,NULL,5,17,21,NULL,NULL
630,2,27,M-15,DAY-2,NULL,NULL,NULL,NULL,7,32,26,NULL,NULL
631,1,5,M-14,"Day 1",NULL,NULL,NULL,NULL,6,16,1,NULL,NULL
632,2,27,M-16,DAY-2,NULL,NULL,NULL,NULL,8,28,34,NULL,NULL
633,2,27,M-17,DAY-2,NULL,NULL,NULL,NULL,1,13,34,NULL,NULL
634,1,5,M-15,"Day 1",NULL,NULL,NULL,NULL,7,28,7,NULL,NULL
635,2,27,M-18,DAY-2,NULL,NULL,NULL,NULL,2,17,7,NULL,NULL
636,1,5,M-16,"Day 1",NULL,NULL,NULL,NULL,8,26,27,NULL,NULL
637,1,5,M-17,"Day 1",NULL,NULL,NULL,NULL,1,22,15,NULL,NULL
638,2,27,M-19,DAY-2,NULL,NULL,NULL,NULL,3,25,2,NULL,NULL
639,1,5,M-18,"Day 1",NULL,NULL,NULL,NULL,2,10,2,NULL,NULL
640,2,27,M-20,DAY-2,NULL,NULL,NULL,NULL,4,15,20,NULL,NULL
641,1,5,"M- 20","Day 1",NULL,NULL,NULL,NULL,3,14,6,NULL,NULL
642,2,27,M-21,DAY-2,NULL,NULL,NULL,NULL,5,10,12,NULL,NULL
643,1,5,M-20,"Day 1",NULL,NULL,NULL,NULL,4,5,9,NULL,NULL
644,2,27,M-22,DAY-2,NULL,NULL,NULL,NULL,6,1,24,NULL,NULL
645,1,5,M-21,"Day 1",NULL,NULL,NULL,NULL,5,12,21,NULL,NULL
646,1,5,M-22,"Day 1",NULL,NULL,NULL,NULL,6,24,12,NULL,NULL
647,2,27,M-23,DAY-2,NULL,NULL,NULL,NULL,7,22,26,NULL,NULL
648,1,5,M-23,"Day 1",NULL,NULL,NULL,NULL,7,20,7,NULL,NULL
649,1,5,M-24,"Day 1",NULL,NULL,NULL,NULL,8,29,27,NULL,NULL
650,2,27,M-24,DAY-2,NULL,NULL,NULL,NULL,8,6,34,NULL,NULL
